feature,importance
EXT_SOURCE_3,870018.9081745148
EXT_SOURCE_2,731658.4945602417
EXT_SOURCE_1,301511.6864709854
CREDIT_TERM,248991.75816345215
DAYS_EMPLOYED,159774.54536437988
DAYS_BIRTH,126460.95054721832
AMT_ANNUITY,96894.6363286972
BUREAU_DAYS_CREDIT_MAX,86116.56576442719
INST_DAYS_LATE_MAX,82390.20628166199
POS_CNT_INSTALMENT_FUTURE_MEAN,82021.13921165466
OWN_CAR_AGE,80542.8429145813
INST_AMT_PAYMENT_SUM,79914.92879295349
INST_AMT_PAYMENT_MIN,79865.70115280151
PREV_AMT_DOWN_PAYMENT_MAX,74333.08396530151
INST_PAYMENT_DIFF_MEAN,73430.81299209595
AMT_GOODS_PRICE,72966.93206882477
DAYS_EMPLOYED_PERCENT,70866.03795814514
BUREAU_DAYS_CREDIT_ENDDATE_MAX,69266.536860466
AMT_CREDIT,68732.9693479538
DAYS_ID_PUBLISH,67931.14547920227
INST_DAYS_LATE_SUM,67042.99976158142
PREV_CNT_PAYMENT_MEAN,65298.91724777222
ANNUITY_INCOME_PERCENT,63930.51473426819
BUREAU_AMT_CREDIT_SUM_DEBT_MEAN,61758.96183204651
BUREAU_DAYS_ENDDATE_FACT_MAX,58994.41328239441
CODE_GENDER_F,57577.009466171265
POS_COUNT,55394.011152267456
CC_CNT_DRAWINGS_CURRENT_MEAN,54072.364711761475
NAME_EDUCATION_TYPE_Higher_education,53647.356132507324
INST_DAYS_LATE_MEAN,53627.026416778564
DAYS_REGISTRATION,50912.49660396576
PREV_STATUS_Refused_SUM,50819.092843055725
CREDIT_INCOME_PERCENT,50713.949964523315
DAYS_LAST_PHONE_CHANGE,49848.10966873169
BUREAU_DAYS_CREDIT_MEAN,46454.41413497925
BUREAU_AMT_CREDIT_SUM_MEAN,46201.00313949585
PREV_AMT_ANNUITY_MIN,44822.39404010773
PREV_DAYS_DECISION_MAX,44170.777477264404
PREV_DAYS_DECISION_MIN,43275.70886039734
BUREAU_AMT_CREDIT_SUM_MAX,42719.749155044556
POS_MONTHS_BALANCE_MIN,42096.74263763428
REGION_POPULATION_RELATIVE,42052.051290512085
POS_MONTHS_BALANCE_MAX,42015.73106384277
PREV_AMT_ANNUITY_MEAN,40996.14189720154
BUREAU_AMT_CREDIT_SUM_MIN,40664.69892692566
PREV_AMT_DOWN_PAYMENT_MEAN,40591.50815010071
INST_AMT_INSTALMENT_MIN,40369.96258544922
INST_AMT_PAYMENT_MEAN,39500.46500205994
PREV_DAYS_DECISION_MEAN,39482.7200050354
INST_PAYMENT_DIFF_SUM,38400.626626968384
POS_MONTHS_BALANCE_MEAN,37770.77045059204
CC_AMT_BALANCE_MEAN,37580.097091674805
BUREAU_DAYS_CREDIT_UPDATE_MAX,37232.895568847656
BUREAU_AMT_CREDIT_MAX_OVERDUE_MEAN,36189.070039749146
BUREAU_DAYS_CREDIT_ENDDATE_SUM,35472.833360672
BUREAU_AMT_CREDIT_SUM_SUM,35333.124656677246
INST_AMT_INSTALMENT_MAX,34747.609088897705
PREV_CNT_PAYMENT_MAX,33710.10654640198
PREV_AMT_ANNUITY_MAX,31728.174489974976
INST_DAYS_LATE_MIN,31688.601326942444
BUREAU_DAYS_CREDIT_ENDDATE_MEAN,31145.473448753357
BUREAU_DAYS_CREDIT_UPDATE_MEAN,30140.706399917603
INST_COUNT,29936.03775215149
BUREAU_DAYS_ENDDATE_FACT_MEAN,29864.988761901855
BUREAU_AMT_CREDIT_SUM_DEBT_SUM,29094.353353500366
BUREAU_DAYS_CREDIT_MIN,28976.298570632935
INST_AMT_INSTALMENT_SUM,28605.82225036621
POS_CNT_INSTALMENT_MEAN,28029.064683914185
INCOME_PER_PERSON,26671.321628570557
BUREAU_AMT_CREDIT_MAX_OVERDUE_MAX,26657.63275527954
BUREAU_DAYS_CREDIT_SUM,26111.44098854065
BUREAU_DAYS_ENDDATE_FACT_MIN,25691.053478240967
BUREAU_AMT_CREDIT_SUM_DEBT_MAX,25361.96376800537
POS_SK_DPD_DEF_MEAN,24992.399919509888
AMT_INCOME_TOTAL,24288.42228126526
BUREAU_AMT_CREDIT_MAX_OVERDUE_SUM,24273.585067749023
PREV_AMT_APPLICATION_MEAN,23952.251922607422
NAME_FAMILY_STATUS_Married,23585.917783737183
INST_AMT_PAYMENT_MAX,22881.58987045288
POS_CNT_INSTALMENT_MAX,22562.29327583313
BUREAU_DAYS_CREDIT_ENDDATE_MIN,22297.590419769287
PREV_AMT_CREDIT_MAX,22195.670309066772
NAME_CONTRACT_TYPE_Cash_loans,22042.60740661621
TOTALAREA_MODE,21163.95545578003
FLAG_DOCUMENT_3,20902.486330986023
BUREAU_DAYS_CREDIT_UPDATE_SUM,20380.43463897705
BUREAU_DAYS_ENDDATE_FACT_SUM,20145.275564193726
PREV_AMT_CREDIT_MIN,20132.391311645508
INST_PAYMENT_DIFF_MIN,19995.34242248535
INST_AMT_INSTALMENT_MEAN,19978.23226928711
BUREAU_DAYS_CREDIT_UPDATE_MIN,19713.090591430664
PREV_AMT_DOWN_PAYMENT_MIN,19572.02975845337
PREV_AMT_APPLICATION_MAX,19351.039791107178
PREV_AMT_CREDIT_MEAN,19328.367624282837
REGION_RATING_CLIENT_W_CITY,18817.80765724182
CC_AMT_DRAWINGS_CURRENT_MEAN,18372.979482650757
PREV_AMT_APPLICATION_MIN,18329.920001983643
POS_CNT_INSTALMENT_FUTURE_MAX,18111.81349849701
NAME_EDUCATION_TYPE_Secondary___secondary_special,17161.577089309692
HOUR_APPR_PROCESS_START,17033.778012275696
POS_CNT_INSTALMENT_MIN,15707.755907058716
BUREAU_AMT_CREDIT_SUM_LIMIT_MEAN,15672.812887191772
CC_AMT_CREDIT_LIMIT_ACTUAL_SUM,15387.392896652222
YEARS_BEGINEXPLUATATION_MODE,14472.274206161499
BUREAU_BB_STATUS_X_SUM_MEAN,14198.177473068237
APARTMENTS_MODE,14105.718399047852
CC_AMT_CREDIT_LIMIT_ACTUAL_MEAN,14051.900491714478
BASEMENTAREA_MODE,13750.75023651123
LANDAREA_AVG,13710.367287635803
BUREAU_BB_STATUS_0_SUM_MEAN,13704.047580718994
CC_AMT_BALANCE_MAX,13608.07592201233
CC_AMT_PAYMENT_CURRENT_MAX,13510.133863449097
LANDAREA_MODE,13028.528442382812
DEF_60_CNT_SOCIAL_CIRCLE,12879.478811264038
APARTMENTS_AVG,12752.280241012573
BUREAU_BB_STATUS_C_SUM_MEAN,12585.940702438354
BUREAU_BB_MONTHS_BALANCE_MIN_MEAN,12535.052646636963
CODE_GENDER_M,12534.337383270264
LIVINGAREA_MEDI,12281.640367507935
BUREAU_AMT_ANNUITY_MAX,11432.187788009644
BUREAU_BB_MONTHS_BALANCE_MAX_MEAN,11362.554069519043
LIVINGAREA_AVG,11263.294418334961
BUREAU_CREDIT_COUNT,11252.561302185059
NONLIVINGAREA_MODE,11100.634809494019
CC_AMT_PAYMENT_CURRENT_SUM,11033.993515014648
BUREAU_AMT_CREDIT_SUM_LIMIT_MAX,10855.321123123169
LIVINGAREA_MODE,10687.179403305054
COMMONAREA_MODE,10541.380332946777
BUREAU_BB_MONTHS_BALANCE_SIZE_MEAN,10502.090023040771
REG_CITY_NOT_LIVE_CITY,10107.583990097046
NONLIVINGAREA_AVG,9971.157232284546
BUREAU_AMT_ANNUITY_MEAN,9904.65142250061
CC_COUNT,9766.91611289978
AMT_REQ_CREDIT_BUREAU_QRT,9502.329916000366
BUREAU_BB_STATUS_C_SUM_MAX,9491.827585220337
YEARS_BEGINEXPLUATATION_MEDI,9420.540287017822
CC_CNT_DRAWINGS_CURRENT_MAX,9327.823531150818
LANDAREA_MEDI,9290.912111282349
DEF_30_CNT_SOCIAL_CIRCLE,9254.037677764893
BASEMENTAREA_AVG,9216.688907623291
CC_AMT_BALANCE_MIN,9069.109035491943
YEARS_BEGINEXPLUATATION_AVG,9038.382303237915
PREV_CNT_PAYMENT_MIN,8786.493824005127
COMMONAREA_AVG,8656.408487319946
CC_AMT_PAYMENT_CURRENT_MEAN,8592.343286514282
APARTMENTS_MEDI,8556.872192382812
INST_PAYMENT_DIFF_MAX,8471.702682495117
BASEMENTAREA_MEDI,8467.838376998901
NONLIVINGAREA_MEDI,8435.76141166687
BUREAU_BB_STATUS_0_SUM_MAX,8253.91661453247
LIVINGAPARTMENTS_MODE,8247.498735427856
BUREAU_BB_STATUS_1_SUM_MEAN,8158.434289932251
BUREAU_BB_MONTHS_BALANCE_MIN_MAX,7830.728807449341
BUREAU_BB_MONTHS_BALANCE_SIZE_MAX,7785.0226039886475
OCCUPATION_TYPE_Core_staff,7727.848890304565
AMT_REQ_CREDIT_BUREAU_YEAR,7629.134914398193
PREV_APP_COUNT,7577.813798904419
LIVINGAPARTMENTS_MEDI,7527.096929550171
CC_AMT_BALANCE_SUM,7486.846623420715
ENTRANCES_AVG,7373.195280075073
CC_CNT_DRAWINGS_CURRENT_SUM,7282.098098754883
BUREAU_AMT_CREDIT_SUM_DEBT_MIN,7249.334505081177
OBS_30_CNT_SOCIAL_CIRCLE,7219.496778488159
YEARS_BUILD_MODE,7192.56192779541
BUREAU_AMT_CREDIT_SUM_LIMIT_SUM,7096.988519668579
OBS_60_CNT_SOCIAL_CIRCLE,7056.049795150757
PREV_STATUS_Approved_SUM,6955.962940216064
LIVINGAPARTMENTS_AVG,6499.8270053863525
BUREAU_AMT_ANNUITY_SUM,6402.611371994019
COMMONAREA_MEDI,6359.972635269165
FLOORSMAX_AVG,6238.5166301727295
POS_SK_DPD_DEF_MAX,6200.136116027832
CC_AMT_DRAWINGS_CURRENT_SUM,6190.0112018585205
CC_AMT_CREDIT_LIMIT_ACTUAL_MIN,6092.411617279053
POS_SK_DPD_MEAN,5975.289204597473
CC_AMT_DRAWINGS_CURRENT_MAX,5778.176399230957
ORGANIZATION_TYPE_Self_employed,5615.862037658691
BUREAU_AMT_ANNUITY_MIN,5566.109716415405
BUREAU_BB_STATUS_X_SUM_MAX,5546.411418914795
YEARS_BUILD_AVG,5175.185928344727
NAME_INCOME_TYPE_State_servant,5080.001201629639
BUREAU_AMT_CREDIT_MAX_OVERDUE_MIN,4995.915981292725
NAME_INCOME_TYPE_Working,4885.547782897949
FLOORSMIN_AVG,4836.942506790161
POS_SK_DPD_MAX,4812.629388809204
REGION_RATING_CLIENT,4636.099094390869
FLAG_WORK_PHONE,4382.517303466797
OCCUPATION_TYPE_Drivers,4284.146905899048
CNT_FAM_MEMBERS,4086.168911933899
CC_SK_DPD_MEAN,4080.2163944244385
ORGANIZATION_TYPE_Business_Entity_Type_3,4001.250690460205
ELEVATORS_AVG,3956.396894454956
BUREAU_AMT_CREDIT_SUM_OVERDUE_MAX,3900.128560066223
ORGANIZATION_TYPE_Construction,3850.999698638916
ENTRANCES_MODE,3794.758010864258
FLOORSMAX_MEDI,3771.500690460205
NONLIVINGAPARTMENTS_AVG,3712.2164154052734
YEARS_BUILD_MEDI,3675.474105834961
AMT_REQ_CREDIT_BUREAU_MON,3665.4383087158203
NAME_FAMILY_STATUS_Single___not_married,3378.8907260894775
ORGANIZATION_TYPE_School,3345.402202606201
CC_AMT_CREDIT_LIMIT_ACTUAL_MAX,3319.08939743042
OCCUPATION_TYPE_Laborers,3306.811305999756
NONLIVINGAPARTMENTS_MODE,3242.7429189682007
PREV_STATUS_Canceled_SUM,3179.9128093719482
CC_AMT_PAYMENT_CURRENT_MIN,2894.2458057403564
FLAG_PHONE,2885.0714015960693
OCCUPATION_TYPE_Sales_staff,2815.2982864379883
ORGANIZATION_TYPE_Military,2790.8875122070312
FLOORSMAX_MODE,2790.6577796936035
FLAG_OWN_REALTY_N,2719.3712062835693
ORGANIZATION_TYPE_Industry__type_9,2639.652693748474
FLOORSMIN_MEDI,2463.6036891937256
WEEKDAY_APPR_PROCESS_START_SATURDAY,2405.5336990356445
ORGANIZATION_TYPE_Transport__type_3,2344.2188024520874
WEEKDAY_APPR_PROCESS_START_MONDAY,2287.889711380005
CC_SK_DPD_DEF_MEAN,2264.0826110839844
FLAG_DOCUMENT_18,2249.4122133255005
OCCUPATION_TYPE_Accountants,2233.072328567505
FLOORSMIN_MODE,2180.2329902648926
WALLSMATERIAL_MODE_Panel,2146.5813007354736
BUREAU_BB_STATUS_1_SUM_MAX,2056.356698036194
ENTRANCES_MEDI,2003.6115989685059
CNT_CHILDREN,1947.7312870025635
ORGANIZATION_TYPE_Police,1839.254804611206
ELEVATORS_MODE,1828.207202911377
NONLIVINGAPARTMENTS_MEDI,1800.0669898986816
NAME_HOUSING_TYPE_House___apartment,1795.7117156982422
BUREAU_AMT_CREDIT_SUM_OVERDUE_SUM,1742.7207975387573
BUREAU_CNT_CREDIT_PROLONG_MEAN,1638.0046977996826
FLAG_DOCUMENT_11,1608.1859951019287
WEEKDAY_APPR_PROCESS_START_WEDNESDAY,1554.5421962738037
WEEKDAY_APPR_PROCESS_START_FRIDAY,1528.4179916381836
ORGANIZATION_TYPE_Kindergarten,1510.5150985717773
POS_CNT_INSTALMENT_FUTURE_MIN,1488.5711002349854
NAME_FAMILY_STATUS_Civil_marriage,1488.4580917358398
CC_SK_DPD_SUM,1415.9225044250488
PREV_STATUS_Unused_offer_SUM,1385.7304992675781
ELEVATORS_MEDI,1352.8546104431152
OCCUPATION_TYPE_Low_skill_Laborers,1346.3176040649414
REG_CITY_NOT_WORK_CITY,1342.5380992889404
OCCUPATION_TYPE_High_skill_tech_staff,1293.4500999450684
FLAG_DOCUMENT_16,1263.6981925964355
ORGANIZATION_TYPE_Trade__type_2,1258.0530967712402
FLAG_DOCUMENT_13,1238.3796977996826
NAME_TYPE_SUITE_Unaccompanied,1212.5376014709473
BUREAU_AMT_CREDIT_SUM_LIMIT_MIN,1164.1195030212402
ORGANIZATION_TYPE_Security_Ministries,1123.0974006652832
WEEKDAY_APPR_PROCESS_START_TUESDAY,1121.7088108062744
NAME_INCOME_TYPE_Commercial_associate,1112.2948036193848
ORGANIZATION_TYPE_Realtor,1111.749400138855
NAME_HOUSING_TYPE_Office_apartment,1055.0791110992432
WALLSMATERIAL_MODE_Stone__brick,1037.930004119873
NAME_HOUSING_TYPE_Rented_apartment,1024.439296722412
LIVE_CITY_NOT_WORK_CITY,958.41770362854
WEEKDAY_APPR_PROCESS_START_THURSDAY,924.20530128479
BUREAU_BB_STATUS_2_SUM_MEAN,886.2320022583008
NAME_CONTRACT_TYPE_Revolving_loans,867.8947944641113
ORGANIZATION_TYPE_Bank,859.2378997802734
NAME_TYPE_SUITE_Family,771.0266952514648
FLAG_OWN_CAR_N,702.861701965332
NAME_TYPE_SUITE_Spouse__partner,679.3654022216797
FONDKAPREMONT_MODE_reg_oper_account,666.7905979156494
AMT_REQ_CREDIT_BUREAU_DAY,628.7347984313965
FLAG_EMAIL,551.170597076416
NAME_FAMILY_STATUS_Separated,532.5612945556641
BUREAU_AMT_CREDIT_SUM_OVERDUE_MEAN,529.8148002624512
NAME_EDUCATION_TYPE_Incomplete_higher,491.34420013427734
ORGANIZATION_TYPE_Other,470.48759841918945
FLAG_DOCUMENT_8,469.83939933776855
OCCUPATION_TYPE_Managers,448.7337017059326
FLAG_DOCUMENT_6,446.95069885253906
NAME_EDUCATION_TYPE_Lower_secondary,444.0511989593506
BUREAU_BB_STATUS_4_SUM_MEAN,438.2628002166748
WEEKDAY_APPR_PROCESS_START_SUNDAY,420.6764030456543
OCCUPATION_TYPE_Medicine_staff,417.38099670410156
LIVE_REGION_NOT_WORK_REGION,409.77950286865234
REG_REGION_NOT_WORK_REGION,373.6153984069824
BUREAU_BB_MONTHS_BALANCE_MAX_MAX,368.4937000274658
ORGANIZATION_TYPE_Legal_Services,361.8561010360718
NAME_HOUSING_TYPE_Municipal_apartment,360.5848922729492
FONDKAPREMONT_MODE_not_specified,359.5156059265137
NAME_FAMILY_STATUS_Widow,348.0329990386963
BUREAU_BB_STATUS_5_SUM_MEAN,333.1367073059082
HOUSETYPE_MODE_specific_housing,327.5965042114258
ORGANIZATION_TYPE_Trade__type_6,324.4470024108887
OCCUPATION_TYPE_Cooking_staff,318.1490020751953
CC_SK_DPD_DEF_MAX,291.78690338134766
ORGANIZATION_TYPE_Business_Entity_Type_2,291.6679039001465
ORGANIZATION_TYPE_Medicine,246.45280075073242
AMT_REQ_CREDIT_BUREAU_WEEK,239.84189796447754
WALLSMATERIAL_MODE_Block,232.45209884643555
NAME_TYPE_SUITE_Children,228.25699996948242
ORGANIZATION_TYPE_Government,220.01649856567383
CC_SK_DPD_MAX,214.55019760131836
BUREAU_BB_STATUS_3_SUM_MEAN,209.5020980834961
REG_REGION_NOT_LIVE_REGION,208.20349884033203
CC_SK_DPD_DEF_SUM,202.70409965515137
CC_CNT_DRAWINGS_CURRENT_MIN,193.8292999267578
NAME_HOUSING_TYPE_With_parents,188.48560333251953
OCCUPATION_TYPE_Cleaning_staff,172.6353988647461
BUREAU_CREDIT_DAY_OVERDUE_SUM,164.4058952331543
FONDKAPREMONT_MODE_reg_oper_spec_account,163.26160049438477
ORGANIZATION_TYPE_Hotel,153.00049781799316
NAME_TYPE_SUITE_Other_B,143.7425994873047
BUREAU_CREDIT_DAY_OVERDUE_MEAN,135.67259979248047
EMERGENCYSTATE_MODE_Yes,104.36499786376953
FLAG_DOCUMENT_5,88.54100036621094
CC_AMT_DRAWINGS_CURRENT_MIN,86.10559844970703
ORGANIZATION_TYPE_Transport__type_4,85.96029663085938
FONDKAPREMONT_MODE_org_spec_account,80.75969696044922
BUREAU_CREDIT_DAY_OVERDUE_MAX,64.55780220031738
BUREAU_CNT_CREDIT_PROLONG_MAX,63.981401443481445
ORGANIZATION_TYPE_Restaurant,63.23889923095703
ORGANIZATION_TYPE_Trade__type_7,62.676700592041016
BUREAU_CNT_CREDIT_PROLONG_SUM,60.56880187988281
ORGANIZATION_TYPE_University,53.23320007324219
FLAG_OWN_REALTY_Y,51.27009963989258
NAME_TYPE_SUITE_Other_A,47.36289978027344
ORGANIZATION_TYPE_Industry__type_11,43.202598571777344
NAME_HOUSING_TYPE_Co_op_apartment,39.026100158691406
ORGANIZATION_TYPE_Business_Entity_Type_1,35.35940170288086
FLAG_DOCUMENT_15,15.729900360107422
BUREAU_CNT_CREDIT_PROLONG_MIN,0.0
FLAG_DOCUMENT_19,0.0
FLAG_DOCUMENT_7,0.0
FLAG_DOCUMENT_9,0.0
FLAG_DOCUMENT_17,0.0
CC_SK_DPD_MIN,0.0
FLAG_CONT_MOBILE,0.0
FLAG_DOCUMENT_4,0.0
FLAG_DOCUMENT_2,0.0
CC_SK_DPD_DEF_MIN,0.0
BUREAU_AMT_CREDIT_SUM_OVERDUE_MIN,0.0
FLAG_DOCUMENT_20,0.0
FLAG_DOCUMENT_21,0.0
AMT_REQ_CREDIT_BUREAU_HOUR,0.0
FLAG_OWN_CAR_Y,0.0
WALLSMATERIAL_MODE_Others,0.0
WALLSMATERIAL_MODE_Monolithic,0.0
WALLSMATERIAL_MODE_Mixed,0.0
HOUSETYPE_MODE_terraced_house,0.0
HOUSETYPE_MODE_block_of_flats,0.0
BUREAU_BB_STATUS_3_SUM_MAX,0.0
BUREAU_BB_STATUS_2_SUM_MAX,0.0
FLAG_DOCUMENT_14,0.0
BUREAU_CREDIT_DAY_OVERDUE_MIN,0.0
FLAG_DOCUMENT_12,0.0
FLAG_DOCUMENT_10,0.0
ORGANIZATION_TYPE_Services,0.0
ORGANIZATION_TYPE_Trade__type_1,0.0
ORGANIZATION_TYPE_Telecom,0.0
BUREAU_BB_STATUS_5_SUM_MAX,0.0
WALLSMATERIAL_MODE_Wooden,0.0
ORGANIZATION_TYPE_Transport__type_1,0.0
ORGANIZATION_TYPE_Transport__type_2,0.0
ORGANIZATION_TYPE_Mobile,0.0
ORGANIZATION_TYPE_XNA,0.0
ORGANIZATION_TYPE_Postal,0.0
ORGANIZATION_TYPE_Religion,0.0
ORGANIZATION_TYPE_Security,0.0
ORGANIZATION_TYPE_Insurance,0.0
ORGANIZATION_TYPE_Emergency,0.0
ORGANIZATION_TYPE_Housing,0.0
ORGANIZATION_TYPE_Industry__type_1,0.0
ORGANIZATION_TYPE_Trade__type_3,0.0
ORGANIZATION_TYPE_Trade__type_5,0.0
ORGANIZATION_TYPE_Trade__type_4,0.0
EMERGENCYSTATE_MODE_No,0.0
BUREAU_BB_STATUS_4_SUM_MAX,0.0
ORGANIZATION_TYPE_Industry__type_3,0.0
ORGANIZATION_TYPE_Industry__type_2,0.0
ORGANIZATION_TYPE_Industry__type_13,0.0
ORGANIZATION_TYPE_Industry__type_12,0.0
ORGANIZATION_TYPE_Industry__type_10,0.0
ORGANIZATION_TYPE_Industry__type_4,0.0
ORGANIZATION_TYPE_Industry__type_6,0.0
ORGANIZATION_TYPE_Industry__type_5,0.0
ORGANIZATION_TYPE_Cleaning,0.0
ORGANIZATION_TYPE_Culture,0.0
ORGANIZATION_TYPE_Electricity,0.0
POS_SK_DPD_MIN,0.0
ORGANIZATION_TYPE_Industry__type_7,0.0
ORGANIZATION_TYPE_Industry__type_8,0.0
ORGANIZATION_TYPE_Advertising,0.0
ORGANIZATION_TYPE_Agriculture,0.0
OCCUPATION_TYPE_Private_service_staff,0.0
OCCUPATION_TYPE_IT_staff,0.0
OCCUPATION_TYPE_HR_staff,0.0
POS_SK_DPD_DEF_MIN,0.0
OCCUPATION_TYPE_Waiters_barmen_staff,0.0
OCCUPATION_TYPE_Security_staff,0.0
OCCUPATION_TYPE_Realty_agents,0.0
OCCUPATION_TYPE_Secretaries,0.0
NAME_TYPE_SUITE_Group_of_people,0.0
NAME_EDUCATION_TYPE_Academic_degree,0.0
NAME_INCOME_TYPE_Pensioner,0.0
NAME_INCOME_TYPE_Businessman,0.0
NAME_INCOME_TYPE_Student,0.0
NAME_INCOME_TYPE_Unemployed,0.0
FLAG_EMP_PHONE,0.0
FLAG_MOBIL,0.0
